"Time (s)","Distance (cm)"
2.949828120E-1,0.000000000E0
