"Time (s)","Distance (cm)"
3.000171880E-1,0.000000000E0
