"Time (s)","Distance (cm)"
2.899781250E-1,0.000000000E0
