"Time (s)","Distance (cm)"
2.850031250E-1,0.000000000E0
